keyword,frequency
in,238
to,231
for,198
Fix,140
the,111
of,106
Add,83
a,75
and,74
when,63
with,61
from,53
on,51
not,42
support,40
fix,37
is,35
plugin,32
name,31
file,30
be,26
Make,26
Allow,24
Fixed,24
Added,24
Remove,22
Support,22
type,22
by,21
build,21
method,21
class,20
Use,20
project,19
-,19
as,19
that,19
Update,18
test,18
[Fernflower],18
option,17
dialog,17
console,17
code,17
Gradle,17
extension,17
instead,17
files,16
classes,16
an,16
leak,16
inspection,15
if,15
version,14
branch,14
window,14
add,14
use,14
added,14
more,14
make,13
work,13
allow,13
after,13
should,13
action,13
typo,13
Improve,13
memory,13
commit,12
path,12
using,12
import,12
new,12
New,11
line,11
error,11
point,11
modules,11
Maven,10
field,10
message,10
Change,10
first,10
parameter,10
check,10
Python,10
Don't,10
library,10
module,10
default,9
color,9
settings,9
are,9
menu,9
tool,9
doesn't,9
properties,9
command,9
elements,9
git,9
bug,9
UI,9
into,9
Kotlin,9
does,9
Move,9
custom,9
usages,9
based,9
python,9
ability,9
exception,9
performance,9
text,8
context,8
list,8
ant,8
Groovy,8
inner,8
task,8
multiple,8
Java,8
public,8
all,8
root,8
changes,8
log,8
set,8
one,8
package,8
XML,8
creation,8
missing,8
element,8
being,8
tests,8
no,7
tree,7
types,7
always,7
popup,7
generated,7
Ant,7
Introduce,7
properly,7
resolve,7
config,7
constructor,7
parameters,7
view,7
comments,7
Fixes,7
removed,7
annotation,7
time,7
used,7
mode,7
API,7
call,7
language,7
Create,7
methods,7
Do,7
Ignore,7
Prevent,7
relative,7
null,7
Avoid,7
/,6
names,6
change,6
remove,6
usage,6
only,6
while,6
prevent,6
duplicate,6
deprecated,6
maven,6
unused,6
dependencies,6
Expose,6
refactoring,6
redundant,6
history,6
plugins,6
update,6
Search,6
pattern,6
Git,6
fixes,6
property,6
completion,6
external,6
configurable,6
Close,6
via,6
override,6
issues,6
provide,6
or,6
Merge,6
source,6
directory,6
expression,6
renaming,6
incorrect,6
avoid,6
gradle,6
configuration,6
imports,6
empty,5
When,5
nodes,5
have,5
extra,5
link,5
integration,5
explicit,5
Build,5
right,5
filters,5
tabs,5
->,5
improvements,5
Console,5
copy,5
ignored,5
show,5
format,5
Find,5
--,5
also,5
versions,5
modify,5
opening,5
against,5
during,5
string,5
will,5
out,5
references,5
Correctly,5
get,5
run,5
there,5
user,5
than,5
level,5
Show,5
nested,5
projects,5
Projects,5
issue,5
native,5
location,5
values,5
image,5
case,5
disable,5
sources,5
Replace,5
JavaDoc,5
function,5
system,5
fixed,5
focus,5
scope,5
annotations,5
debugger,5
variable,5
YouTrack,5
Rename,5
same,5
roots,5
it,5
Synchronize,5
order,5
updates,5
scheme,4
displayed,4
several,4
too,4
Updated,4
IntelliJ,4
URL,4
+,4
editor,4
value,4
moved,4
Adds,4
scripts,4
at,4
highlight,4
highlighting,4
problem,4
shortcut,4
some,4
folding,4
Windows,4
svn,4
wrapper,4
SSH,4
agent,4
...,4
few,4
decompiling,4
Custom,4
scala,4
separate,4
interface,4
Refactor,4
better,4
cast,4
java,4
icon,4
notification,4
single,4
key,4
info,4
creating,4
environment,4
variables,4
static,4
up,4
toolbar,4
hierarchy,4
checking,4
result,4
VCS,4
before,4
loading,4
options,4
additional,4
pull,4
request,4
#1,4
JetBrains/master,4
structure,4
File,4
setting,4
Preserve,4
IDE,4
Decompiler,4
postfix,4
template,4
double,4
statement,4
other,4
languages,4
Class,4
replace,4
access,4
Minor,4
comparison,4
inside,4
index,4
description,4
match,4
alternative,4
resources,4
In,4
jars,4
output,4
return,4
frame,4
current,4
implicit,4
…,4
content,4
component,4
args,4
compatible,4
NPE,4
super,4
can,4
Import,4
uses,4
[external-system],4
2,3
rebase,3
"No,3
Settings,3
applying,3
dark,3
ColorIde,3
then,3
incorrectly,3
9,3
specify,3
input,3
filtering,3
local,3
$,3
target,3
items,3
without,3
move,3
hg4idea,3
position,3
between,3
replaced,3
View,3
expand,3
marked,3
invalid,3
generic,3
svn4idea,3
which,3
different,3
Some,3
analysis,3
comparisons,3
prefix,3
Improved,3
short,3
repository,3
External,3
include,3
lines,3
Possibility,3
Issue,3
Guard,3
spaces,3
Pycharm,3
skeletons,3
quick,3
available,3
String,3
select,3
keyword,3
extensions,3
detect,3
any,3
enabled,3
loop,3
passing,3
trailing,3
results,3
special,3
characters,3
checkbox,3
minor,3
filename,3
[Decompiler],3
installed,3
All,3
dependency,3
feature,3
removing,3
comment,3
refs,3
debugging,3
JNA,3
varargs,3
fsNotifier:,3
end,3
storage,3
correct,3
display,3
reference,3
keys,3
constants,3
navigation,3
original,3
Refactored,3
actions,3
sending,3
Typo,3
tracking,3
implementation,3
views,3
Optimize,3
Task,3
stub,3
Sort,3
width,3
points,3
definition,3
throw,3
debug,3
fails,3
progress,3
Implemented,3
HEAD,3
style,3
switch,3
icons,3
Pass,3
Test,3
boolean,3
compilation,3
Delete,3
messages,3
resource,3
2.6,3
subclasses,3
introduced,3
aware,3
way,3
reformatting.,3
Get,3
flavor,3
through,3
Recognize,3
Respect,3
Ensure,3
literals,3
race,3
decompiled,3
bar,3
pydev,3
directly,3
Simplify,3
colors,3
escape,3
closing,3
Provide,3
stack,3
unnecessary,3
find,3
More,3
Reduce,3
handling,3
init,3
exceptions,3
UnnecessaryUnicodeEscapeInspection,3
enum,3
community,3
SVN,3
constant,3
newline,3
documentation,3
many,3
typing,3
events,3
initialization,3
read,3
hand-written,3
joining,3
comparing,3
git4idea:,2
"interactive",2
5,2
this,2
merge,2
possible,2
IDEA-88520,2
IDEA-80292,2
RunProfile,2
much,2
truncated,2
space,2
create,2
tasks,2
Idea,2
Enhance,2
profile,2
Generate,2
adds,2
24,2
guideline,2
hardcoded,2
script,2
executable,2
topic,2
CoreJavaFileManager.findClass:,2
returning,2
saved,2
table,2
attribute,2
preview,2
&,2
correction,2
grouping,2
up/down,2
IDEA,2
Resource,2
was,2
called,2
Signature,2
StringUtil.isEmptyOrSpaces,2
0,2
Code,2
cleanup,2
rules,2
working,2
Favorites,2
improvements:,2
Standard,2
collapse,2
non-ansi,2
OSX.,2
optional,2
@NotNull,2
tip,2
detection,2
Updating,2
git4idea,2
namespace,2
TODO,2
integrations,2
commit's,2
places:,2
CoreJavaFileManager,2
string",2
rename,2
reusing,2
GenerateEquals,2
candidate,2
Implement,2
compiler,2
search,2
primitive,2
TypeConversionUtil#getAllBoxedTypeSupers,2
(after,2
f4a27e8).,2
commits,2
inheritance,2
XmlSerializerUtil#copyBean,2
compatibility,2
checks,2
compile,2
runtime.,2
regular,2
panel,2
PY-9356,2
building,2
speed,2
consider,2
dialogs,2
ClassCastException,2
builds,2
Correct,2
pycharm,2
Missing,2
131,2
Run,2
so,2
brace,2
item,2
Enable,2
ignore,2
state,2
Filter,2
145,2
part,2
interpret,2
showing,2
priority,2
quote,2
IDEA-120753:,2
weight,2
Plugin,2
idea,2
changed,2
mapping,2
163,2
IDEA-123665,2
richcopy,2
highlighters,2
infinite,2
MavenProjectsTree.findRootProject,2
aggregate,2
POMs,2
visibility,2
Package,2
173,2
Maven:,2
disabling,2
two,2
whitespace,2
183,2
merging,2
importing,2
classes,,2
insert,2
module-level,2
load,2
filenames,2
now,2
chained,2
adding,2
under,2
Install,2
Editor,2
every,2
trees,2
secondary,2
buttons,2
aligned.,2
Improvements,2
virtualenv,2
Other,2
actions.,2
inline,2
Store,2
overriding,2
PsiMethod,2
flow,2
validation,2
intellij,2
platform,2
instance,2
hg4idea:,2
close,2
keywords,2
specifying,2
size,2
autocompletion,2
<,2
filter,2
"Add,2
255,2
frames,2
KeyFMap,2
my,2
each,2
keyboard,2
their,2
terminal,2
sessions,2
decompilation,2
arrays,2
related,2
ArchiveHandler.Ent…,2
Usage,2
(like,2
next,2
paste,2
Include,2
mismatch,2
Pluggable,2
watcher,2
data,2
services,2
shadowing,2
resolution,2
tables,2
paths,2
download,2
negation,2
Put,2
it's,2
Disabled,2
Inspection,2
parent,2
process,2
non-Java,2
generating,2
GitHub,2
operations,2
floating,2
watch,2
about,2
thread-unsafe,2
lexer,2
README,2
windows,2
javadoc,2
start,2
From,2
Usage:,2
JVMElementMutableView,2
JVM-compliant,2
Go,2
Removed,2
decompile,2
object,2
fields,2
arguments,2
separator,2
instances,2
Pydevd,2
Jump,2
Type,2
Debugger,2
passed,2
Testing,2
Type:,2
stdout,2
(including,2
cases),2
selection,2
clause,2
application,2
py.test,2
breakpoints,2
files.,2
Honor,2
enable,2
argument,2
event,2
timeout,2
IDEA-157915:,2
symbolic-ref,2
hard-coded,2
#2,2
Adding,2
Terminal,2
Better,2
brackets,2
Modules,2
named,2
rendering,2
replacing,2
contemporary,2
zip,2
finding,2
bytecode,2
viewers,2
testing,2
params,2
overrides,2
assertThat,2
Address,2
existing,2
since,2
control,2
loader,2
TogglePresentationModeAction,,2
ToggleDistractionFreeModeAction,,2
TabsPlacementAction,2
i18n,2
DeprecationWarning,2
templates,2
patch,2
implementations,,2
IDEA-168525,2
AntExecutionListener,2
ExtensionPoint,2
plugin…,2
contains,2
directories,2
qualified,2
fsNotifier,2
main,2
failure.,2
[pycharm],2
[py.test],2
[build,2
171.3780.115],2
top,2
Fixed:,2
sdk,2
document,2
created,2
SystemInfo,2
conflict,2
Extend,2
:,2
long,2
mutable,2
status,2
Additional,2
number,2
matching,2
Open,2
changelist,2
active,2
unicode,2
alignment,2
UAST,2
logging,2
sync,2
common,2
pool,2
primitives,2
attributes,2
delete,2
ID,2
delegate,2
clipboard,2
try,2
false,2
respect,2
ProgressIndicator,2
generate,2
prefer,2
interfaces,2
caret,2
unlikely,2
entries,2
1,2
Revert,2
side,2
fish,2
Error,2
comma,2
improve,2
SmartList,2
comparator,2
AbstractTreeUi.,2
mouse,2
button,2
Dispose,2
NOT,2
SVG,2
handlers,2
wrapping,2
streams,2
lazy,2
completions,2
libraries,2
syspath,2
TypeEvalContext,2
has,2
resolving,2
Changes,2
view.,2
PSI,2
Fish,2
selected,2
PYTHONPATH,2
nullability,2
ThreeComponentsSplitter,2
cycle,2
terminal:,2
Geb,2
folders,2
equals,2
standard,2
IDEA-190710,2
scripts:,2
open,2
launcher,2
recursion,2
combo,2
Focus,2
README.md,2
customize,2
Way,2
To,2
Specify,2
Names,2
Not,2
Inner,2
Classes,2
For,2
group,2
helper,2
blocks,2
regarding,2
IDEA-166142,2
IDEA-198152,2
jar:///,2
screen,2
register,2
condition,2
IDEA-199694,2
breaks,2
Detect,2
correctly,2
AccessibleName,2
method.,2
duplicated,2
GuiDesigner,2
transfer,2
[gradle],2
don't,2
validate,2
RegExp,2
form,2
setter,2
pom.xml,2
IDEA-141538:,2
validator,2
XSD,2
listener,2
tab,2
title,2
dead,2
cache,2
collections,2
copying,2
IDEA-207347,2
JTextComponent,2
swing,2
undo,2
manager.,2
Check,2
Decrement,2
buffer,2
model,2
StringJoiner,2
logger,2
looking,2
IDEA-210834,2
distribution,2
Sphinx,2
dispose,2
Skip,2
TextEditorWithPreview,2
editorconfig,2
[Sh],2
3,1
4,1
IDEA-76312,1
Copyright:,1
Copyright,1
available",1
opens,1
Hi,,1
bugfix,1
IDEA-78472,1
6,1
IDEA-69292,1
7,1
8,1
IDEA-88526,1
black,1
10,1
11,1
"Click,1
browse",1
12,1
JFlex's,1
Action.GENERAL_LOOK,1
lookahead,1
--charAt,1
--sliceandcharat,1
13,1
Bundled,1
TestNG,1
6.5.2,1
14,1
15,1
IDEA-74131,1
interpolation,1
error:,1
Failed,1
interpolate,1
16,1
Hg4idea,1
17,1
FogBugz,1
18,1
91145,1
19,1
IDEA-91145,1
org.jetbrains.idea.maven.server.MavenEmbedderWrapper#execute,1
able,1
exclusions,1
20,1
IDEA-73063,1
IDEA-83158,1
21,1
IDEABKL-5131:,1
Web,1
Proxy:,1
Auto-configuration,1
22,1
IDEA-35950,1
23,1
IDEA-92541,1
highlights,1
25,1
IDEA-95644,1
26,1
IDEA-96000,1
IDEA-96001,1
27,1
margin,1
28,1
IDEA-94184,1
ChooseByNameBase#REBUILD_DELAY,1
registry.properties,1
29,1
IDEA-71391,1
--rename-manifest-package,1
AndroidFacetConfiguration,1
30,1
tools/lexer/jflex-1.4/bin/jflex,1
31,1
IDEA-97356,1
Link,1
"Specify,1
Master,1
Password",1
Help,1
32,1
IDEA-36137,1
Drag-n-drop,1
33,1
variable.,1
34,1
35,1
UnicodeEncodeError36,1
InputFilter,1
api,1
List,1
37,1
IDEA-87874,1
defaultvalue,1
38,1
IDEA-36076,1
integration:,1
on...,1
39,1
IDEA-86115,1
.idea/ant.xml,1
40,1
IDEA-79593,1
configuration:,1
randomly,1
sorted,1
41,1
IDEA-40104,1
Check/uncheck,1
Ant/Build,1
props/Filters,1
42,1
AddSupportForSingleFrameworkDialog,1
standalone,1
43,1
IDEA-66284,1
"description",1
"attribute",1
ele...,1
44,1
IDEA-97675,1
There,1
'constructor,1
call',1
'colors,1
fonts',1
45,1
IDEA-99364,1
Highlighting,1
javaReference,,1
46,1
IDEA-99403,1
Dont,1
'super',1
'this',1
keywords,,1
'Constructor,1
Call',1
47,1
IDEA-99287,1
ANT,1
toolwindow:,1
48,1
IDEA-99003,1
Render,1
49,1
IDEA-31957,1
Permit,1
and/or,1
toolwindow,1
50,1
IDEA-98030,1
Encoding,1
51,1
IDEA-78919,1
Bundle,1
Editor:,1
Splitter,1
forgets,1
its,1
switching,1
"Text",1
"Resource,1
bundle",1
52,1
CheckboxTreeBase.CheckPolicy,1
uncheckChildrenWithUnchecke...,1
53,1
Propagate,1
Exceptions,1
Toolbar,1
Expand,1
Al...,1
54,1
made,1
55,1
IDEA-84220,1
CTRL-F5,1
Hierarchy,1
view!,1
56,1
57,1
ParametersList.java,1
58,1
String.trim().length(),1
==,1
59,1
MockApplication.java,1
60,1
IDEA-36388,1
IDEA-25232,1
61,1
62,1
IDEA-104221,1
substring,1
anymore,1
63,1
IDEA-76357,1
64,1
65,1
ordering,1
expand/collapse,1
all,,1
66,1
autoimport,1
build-helper-maven-plugin,1
67,1
IElementType.Predicate,1
(use,1
com.intellij.util.containers.Predicate),1
68,1
IDEA-104375,1
69,1
IDEA-102051,1
Unable,1
toggle,1
fullscreen,1
linux.,1
70,1
71,1
72,1
IDEABKL-6771,1
'exceptionMessage',1
73,1
IDEA-105387,1
never,1
74,1
day,,1
items,,1
shortcuts,,1
typos,1
75,1
libs,1
76,1
IDEA-103973,1
77,1
IDEABKL-6802,1
jdom,1
library?,1
78,1
79,1
authentication,1
git4idea,,1
80,1
IDEA-108385:,1
rule,1
controls,1
81,1
[hg],1
Per,1
HgWorkingCopyRevisionsCommand::parents(),,1
meth...,1
82,1
83,1
"VCS,1
Mercurial,1
Browse,1
Changes...",,1
allowing,1
browse,1
84,1
Hg,1
85,1
86,1
87,1
88,1
improvments,1
89,1
"Malformed,1
90,1
IDEA-105361,1
Subversion:,1
Compare,1
revisions,1
History,1
91,1
92,1
93,1
94,1
Extract,1
inheritor,1
InheritanceChecker,1
95,1
MethodTextOccurrenceProcessor,1
96,1
97,1
reusability,1
98,1
IDEA-111450,1
99,1
100,1
IDEA-113488,1
101,1
HierarchyBrowser,1
implementations,1
(Type/Method,1
hierarchy),1
102,1
103,1
IDEABKL-1141,1
FoldingListener,1
104,1
IDEA-112775,1
describe,1
105,1
MismatchedCollectionQueryUpdateInspection,1
"compute",1
106,1
107,1
108,1
Properly,1
calculate,1
109,1
IDEA-114955,1
expressions,1
Subversion,1
110,1
PY-10020,1
Darcula:,1
Documentation,1
"blue"-dracula,1
styled,1
111,1
Clean,1
.pyc,1
$py.class,1
jython,1
interpreter,1
112,1
Instructions,1
113,1
PY-11175,1
Integrated,1
Tools,1
114,1
PY-9343,1
OOTB,1
*sys-package-mgr*,1
115,1
Proper,1
116,1
114933,1
117,1
IDEA-114933,1
everywhere,1
triggers,1
shift,1
pressed,1
once,1
118,1
stable,1
JUnit,1
4.12-SNAPSHOT,1
(should,1
earlier,1
JUnit).,1
119,1
plugin,,1
IDEA-96825:,1
"longest",1
(most,1
specific),1
path...,1
120,1
121,1
preventing,1
122,1
browser,1
generic...,1
123,1
IDEA-116247,1
Path,1
exist,1
cyrillic,1
chars,1
124,1
idea.home,1
125,1
awt.HeadlessException,1
126,1
127,1
submodule,1
128,1
IDEA-57875:,1
129,1
java-psi-impl,1
intellij-core.jar,1
130,1
PY-11317,1
Incorrect,1
formatter,1
headless,1
dock,1
appear,1
132,1
day,1
133,1
matcher-based,1
word,1
(IDEA-117225),1
134,1
filetype,1
135,1
works,1
(IDEA-11...,1
136,1
structural,1
(IDEA-83026),1
137,1
ghost,1
(IDEABKL-3654),1
138,1
"Navigation",1
"Scroll,1
source",1
139,1
per-file,1
trim-trailing-whitespace,1
ensure-final-newline,1
140,1
141,1
Prefer,1
fragment,1
factory,1
142,1
i18n/Hard,1
coded,1
143,1
PivotalTracker,1
144,1
non-physical,1
DefaultClassNavigationContributor,1
CreateTestDialog,1
146,1
Activate,1
resolution.,1
147,1
IDEA-119665,1
Memory,1
RemoteMavenServer,1
buildnumber,1
148,1
CE,1
149,1
__slots__,1
150,1
ff,1
151,1
maven-surefire-plugin,1
argList.,1
152,1
libnotifywrapper:,1
crashes,1
153,1
postprocessing,1
course,1
154,1
155,1
156,1
.idea.properties,1
157,1
warning,,1
3.2.1,1
158,1
IDEA-121616,1
improvement:,1
plugin.,1
159,1
preprocessing,1
160,1
IDEA-90069,1
Keymap:,1
resetting,1
default.,1
161,1
Modified,1
Intellij,1
registry,1
162,1
Tabs,1
placement,1
None.,1
small,1
addition,1
164,1
IDEA-121292,1
Download,1
Sources,1
snapshots,1
165,1
PY-11531,1
module_redeclarator.py,1
166,1
167,1
Give,1
MavenImporters,1
chance,1
properties.,1
168,1
169,1
170,1
JBTerminalSystemSettingsProvider,1
171,1
systems,1
172,1
repeat,1
twice,1
[2],1
174,1
IDEA-51438,1
profiles,1
175,1
IDEA-124294,1
scheduleImport,1
176,1
optimizations,1
177,1
RunProfileState,1
178,1
IDEA-123453,1
failsafe,1
179,1
Small,1
180,1
IDEA-104484,1
181,1
Joined,1
CompositFilters,1
182,1
characters.,1
internal,1
id,1
184,1
Actually,1
RootIndex,1
UpSource-like,1
environment.,1
Without,1
185,1
186,1
rather,1
imports...,1
187,1
Convert,1
ModuleFileIndex,1
service.,1
188,1
Lazy,1
DependencyValidationManagerImpl.,1
189,1
fileContentIndexingVoter,1
190,1
unix,1
launch,1
script:,1
ensure,1
survive,1
the...,1
191,1
Handle,1
'@',1
symbol,1
ssh,1
username,1
192,1
BasicStepMethodFilter.getMethodName(),1
extracted,1
193,1
BaseAnalysisAction,1
respects,1
directores.,1
194,1
IDEA-126459:,1
"Extract,1
constructor",1
195,1
196,1
IDEA-87163:,1
remove-all-splits,1
197,1
bundle,1
198,1
AdvancedEnhancer,1
jarjar'able,1
199,1
Solves,1
IDEA-107376,1
200,1
IDEA-106381,1
GUI,1
Designer:,1
JComboBoxes,1
populated,1
JDK7...,1
201,1
Awesome,1
WM,1
202,1
BROWSEWORDATCARET,1
203,1
CustomShortcuts,1
Up,1
Down,1
widgets,1
204,1
205,1
206,1
Static,1
dynamic,1
207,1
Shelve,1
dir.,1
208,1
choosing,1
JVM,1
209,1
IDEA-128774,1
ConsoleDependentFilterProvider,1
210,1
xml,1
file.,1
211,1
Consider,1
edited,1
SaveDialog.,1
212,1
IDEA-130394,1
TestNG,,1
diff,1
hamcrest,1
213,1
asm,1
jar,1
required,1
javac2,1
214,1
notifications,1
GithubRebaseAction,1
215,1
Hi,1
DPI,1
216,1
ipnb,1
edu,1
repair,1
PyC,1
217,1
casts,1
even,1
castAlways,1
true.,1
218,1
unescaping.,1
219,1
IDEA-132199,1
repo,1
220,1
221,1
222,1
honor,1
223,1
noinspections,,1
cf,1
#py-13835,1
224,1
#py-13969,1
225,1
OverriderUsageInfo:,1
(to,1
replacement,1
"navigation,1
element"),1
226,1
227,1
IDEA-133439,1
228,1
optimize,1
229,1
[IDEABKL-7100],1
PsiElementFinderImpl,1
'com.intellij.java.elementFinder',1
230,1
231,1
232,1
requests,1
createPrepareRequests,1
233,1
JS,1
auto-completion,1
234,1
235,1
uncomment,1
ends,1
space;,1
IDEA-135341,1
236,1
capitalization,1
237,1
step,1
238,1
myAssertThreading,1
assertIsDispatchThread,1
239,1
240,1
C,1
FreeBSD,1
4.1.0.,1
241,1
FileSystemUtil:,1
Linux/PPC,1
242,1
paramaterizing,1
PyCharm,1
243,1
IDEA-128528,1
244,1
glibc,1
specifier,1
ppc64,1
245,1
'Compare,1
branch',1
246,1
"$@@product_uc@@_VM_OPTIONS",1
line.,1
247,1
clear,1
TestProjectBuilderLogger,1
248,1
getContainingIds,1
StubIndexImpl,1
249,1
IDEA-132015,1
250,1
(fixes,1
IDEA-137327),1
251,1
contributing,1
252,1
fortify,1
GitLogParser,1
IDEA-128280,1
253,1
foldings,1
Java,,1
254,1
Dependency",1
groovy,1
IDEA-57472,1
256,1
[IDEA-137300],1
psi,1
returned,1
JavaPsiFac...,1
257,1
[IDEA-138038],1
guards,1
dumb,1
JavaPsiFacadeImp...,1
258,1
PY-15166,1
subtest,1
marks,1
tree.,1
259,1
IDEA-119938,1
opened,1
260,1
261,1
publishing,1
262,1
263,1
IDEA-139903,1
TaskManagement:,1
Trello:,1
'number',1
placeholder,1
264,1
Backport,1
265,1
IDEA-132005,1
ErrorPaneConfigurable.java,1
266,1
IDEA-138533,1
shortcuts,1
267,1
numbers,1
268,1
null-pointer,1
269,1
Allowing,1
users,1
embedded,1
270,1
FormPreviewFrame.java,1
271,1
[IDEA-140807],1
allows,1
redirect,1
f…,1
272,1
273,1
cls,1
274,1
275,1
276,1
intentions,1
277,1
`Iterable.iterator`,1
278,1
[IDEA-138776],1
polyglot,1
279,1
View:,1
Eclipse),1
280,1
281,1
RemoveUsageAction:,1
Now,1
selects,1
tree…,1
282,1
IDEA-145249,1
283,1
284,1
fix:IDEA-128201,1
285,1
Structure,1
reverted,1
286,1
287,1
IDEA-106194,1
288,1
details,1
FS,1
289,1
IDEA-96179,1
camel,1
Case,1
290,1
thrown,1
291,1
292,1
293,1
showAndGet,1
294,1
Debug,1
295,1
296,1
DataNode#hashCode,1
297,1
reduce,1
amount,1
write,1
298,1
[groovy],1
Spock,1
'where',1
299,1
align,1
300,1
modifying,1
rendering.,1
301,1
Canonicalize,1
watchers,1
302,1
length,1
303,1
304,1
Always,1
PATH,1
detector,1
305,1
IDEA-136729,1
Enterprise,1
Rep…,1
306,1
cross-compilation,1
307,1
IDEA-146472,1
"Close,1
Unmodified",1
closes,1
pinned,1
308,1
`BoolUtils#isNegation`,1
*logical*,1
(instead,1
*bitwise*),1
309,1
behind,1
310,1
HiDPI,1
scaling,1
-Dhidpi=false,1
311,1
`Convert,1
Operator`,1
312,1
`ResultOfAssignmentUsed`,1
inspection,,1
313,1
`PointlessArithmetic`,1
non-resolvable,1
314,1
`PointlessBoolean`,1
Spock's,1
315,1
IDEA-146898,1
DoubleNegationInspection,1
booleans,1
316,1
317,1
IDEA-147080,1
Pointless,1
Boolean,1
318,1
Fixing,1
ipython,1
4.0.0,1
319,1
Style,1
320,1
IDEA-147131,1
Copy,1
Subject",1
321,1
322,1
CodeDocumenationAwareCommenter:,1
copy/paste,1
323,1
IDEA-101238,1
url,1
encoding,1
youtrack,1
324,1
NativeFileWatcherImpl,1
325,1
pydevd,1
326,1
language-specific,1
"Introduce,1
Functional,1
Parameter",1
327,1
JavaChangeSignatureUsageProcessor,1
328,1
scheme/protocol,1
clone,1
329,1
allocation-less,1
clear(),1
structures.,1
330,1
IDEA-91198,1
Maximize,1
331,1
roots.,1
332,1
productPropertiesPath,1
build.,1
333,1
Scan,1
threads.,1
334,1
Open/close,1
improvement,1
335,1
Open/Close,1
Dialogs,1
improvement.,1
336,1
Notify,1
frameworks,1
absence,1
337,1
IDEA-143271,1
containing,1
dollar,1
name.,1
338,1
compilable,1
both,1
latest,1
beta4,1
339,1
Preprocess,1
extract,1
--pythonpath,1
--settings,1
340,1
341,1
Redmine,1
tracker,1
342,1
LightVirtualFile,1
343,1
IDEA-139310:,1
Usages,1
reports,1
344,1
WolfTheProblemSolver,1
pass.,1
345,1
Allowes,1
WordScanner,1
cacheBuilder,1
346,1
UpdateChecker.NOTIFICATIONS,1
347,1
[IDEA-137253],1
348,1
writing,1
349,1
broken,1
350,1
Screens,1
height,1
351,1
renamer,1
reserved,1
352,1
Push,1
Down:,1
interoperability,1
353,1
FileDownloader,1
354,1
vjava,1
design,1
355,1
Debugger:,1
do,1
runtime,1
non,1
fragments,1
356,1
create/modify,1
357,1
358,1
(IDEA-134161),1
359,1
`FlipCommaIntention`,1
360,1
loses,1
typing.,1
361,1
GIT,1
fast-forward,1
master,1
362,1
Perl,1
363,1
No,1
need,1
scan,1
global,1
364,1
365,1
clashes,1
366,1
IIdentifierRenamer,,1
annotations,,1
scheme.,1
367,1
renamed,1
corrected,1
368,1
IIdentifierRenamer,1
flexible.,1
369,1
WM_CLASS,1
x,1
null-terminated,1
370,1
ClassReference14Processor,1
371,1
spell,1
checker:,1
levenshtein->damerau-levenstein,1
372,1
extended,1
373,1
increment,1
decrement,1
synthetic,1
374,1
Changing,1
gists,1
375,1
NativeFileWatcherImpl#isRepetition,1
protected.,1
376,1
Setup,1
increment/decrement,1
377,1
378,1
manual,1
calculations.,1
379,1
JpsElementChildRoleBase.myDebugName,1
380,1
Inplace,1
Psi,1
381,1
`createCompleteMatchInfo`,1
382,1
breakpoint,1
383,1
source/,1
384,1
385,1
mistake,1
386,1
PY-19266,1
connecting,1
387,1
Field,1
Declaration,1
Order,1
Fernflower,1
388,1
Comment,1
389,1
390,1
391,1
-osc:,1
solves,1
problems,1
method/field,1
392,1
BaseScript,1
im…,1
393,1
Renaming,1
.class,1
assertions,1
394,1
Asserts,1
else,1
395,1
PY-14330:,1
Pandas,1
dataframes,1
viewer,1
396,1
IDEA-118247,1
Color,1
Scheme,1
Terminal.,1
397,1
PY-11224,1
Debugger,,1
assignment,1
398,1
IJSDK-152:,1
Spotlight,1
c.i.u.TabbedPaneWrapper,1
399,1
PY-19541:,1
runner,1
400,1
regression,1
PY-8165:,1
precedence,1
pytest,1
401,1
IDEA-137640:,1
FileTemplate,1
402,1
403,1
performing,1
404,1
PsiPrimitiveType#getText():,1
PsiType#getAnnotations(),1
405,1
non-".py",1
406,1
407,1
deserialization,1
note,1
violate,1
408,1
Windows-only,1
WinPtyProcess.destroy,1
409,1
Ability,1
Breakpoint,1
410,1
411,1
idea.bat:,1
IDEA_JDK_64,1
412,1
413,1
NotNull,1
com.sun...,1
414,1
where,1
resolves,1
415,1
conflicts,1
416,1
PY-19825,1
417,1
charAt(int),1
418,1
getHashCode(CharSequence,int,int),1
419,1
PY-19826,1
420,1
SmartTemplateLanguageErrorFilter,1
421,1
coll.stream().forEachOrdered(..),1
coll.forEach(..),1
422,1
emit,1
second,1
keystroke,1
423,1
(PY-19967),1
cases,1
namedtuple,1
424,1
425,1
PY-1177,1
Control,1
while/break,1
426,1
PY-11943,1
MutableMapping,1
427,1
`parametrize`,1
signature,1
Pytest,1
skeleton,1
428,1
Apply,1
contracts,1
assume,1
429,1
430,1
IDEA-158882,1
setting.xml,1
.mvn/maven.config,1
431,1
IDEA-157902,1
FIX,1
Duplicated,1
"Find,1
Action",1
432,1
PY-20227,PY-20251,PY-20332,PY-20468,1
433,1
IDEA-157903,1
"keep,1
blank,1
lines",1
435,1
IDEA-90507,1
436,1
437,1
debuggability,1
ipy,1
notebook,1
kernels,1
438,1
non-project,1
439,1
(PY-9939,,1
PY-18586),1
440,1
tab-completions(PY-9345),1
441,1
[PyCharm],1
crash,1
Qt5Gui.dll,1
442,1
IDEA-160742:,1
Ctrl+Shift+F12,1
window.,1
443,1
Stepik,1
444,1
445,1
446,1
447,1
IDEA-161410:,1
Quick,1
Documentation:,1
angle,1
printed,1
448,1
IDEA-146390,1
artifact,1
449,1
PY-20771:,1
dataframe,1
100+,1
columns,1
450,1
Ensuring,1
given,1
prior,1
451,1
appName,1
452,1
setup,1
instructions,1
453,1
daemon,1
caused,1
454,1
PY-20616,1
455,1
Bugfix,1
migration,1
Stream,1
sum(),1
List<Integer>,1
456,1
PY-21146,PY-21203,PY-21145,PY-21125,1
457,1
LightCodeInsightFixtureTestCase:,1
hook,1
tempDirFixture,1
458,1
presentation,1
459,1
IDEA-141243,1
ant-contrib,1
try/catch-task,1
460,1
IDEA-162949,1
myTaskPriority,1
verbosive,1
461,1
IDEA-163243,1
confussion,1
462,1
PY-18144,1
464,1
465,1
466,1
identifier,1
467,1
MockModule,1
468,1
catches,1
AssertionError,1
469,1
otherwise,1
buffersize,1
470,1
presentatoin,1
471,1
plugins/svn4idea/resources,1
472,1
mismatching,1
varargs/array,1
473,1
platform/dvcs-impl/resources,1
474,1
plugins/git4idea/resources,1
475,1
plugins/settings-repository/resources,1
476,1
Comparable,1
IteratorPosition,1
477,1
names,,1
concrete,1
478,1
479,1
480,1
Hash,1
481,1
assertTrue(stable.equals(stable)),1
482,1
Fix:,1
createDirectories,1
handle,1
symbolic,1
links,1
483,1
BudledKeymapProvider,1
be…,1
484,1
FieldAccessor.get,1
failure,1
JDK,1
485,1
OutputStream,1
Patcher's,1
Bootstrap,1
486,1
patcher,1
487,1
Maven3,1
module-library,1
488,1
trilead-ssh2,1
489,1
jsr305,1
project-level,1
490,1
JAXB,1
1179dbe,1
491,1
readable.,1
492,1
RunContentManagerImpl.DESCRIPTOR_KEY,1
493,1
keymap,1
BundledKeymapProvider,1
494,1
i18n:,1
495,1
contributions,1
496,1
disabled,1
497,1
IDEA-165738,1
very,1
slow,1
multi-module,1
498,1
binaries,1
499,1
IDEA-165963,1
configurations,1
cannot,1
profiled,1
500,1
501,1
Fill,1
subject,1
Github,1
Pull,1
Request,1
502,1
503,1
PY-21991,1
504,1
PY-21915,1
PyDeprecationInspection,1
505,1
506,1
[junit5],1
FileSource,1
CompositeTestSource,1
'Jump,1
Source',1
507,1
ConsoleUI,1
508,1
Speedup,1
processing,1
509,1
Original,1
510,1
getDefaultFolder.,1
511,1
MethodData.methodBody(),1
resilient,1
nonCstub-based,1
intended,1
512,1
Rewrite,1
fernflower,1
markdown,1
513,1
macro,1
expansion,1
$MODULE_CONTENT_ROOT$,1
514,1
Pasting,1
mvn,1
classifier,1
515,1
516,1
517,1
IDEA-168575,1
ansi,1
(error,,1
w…,1
518,1
IDEA-168508,1
targets,1
519,1
IDEA-105458,1
shouldn't,1
treated,1
leafs,1
520,1
IDEA-151925:,1
sourceSet,1
production,1
521,1
Python:,1
522,1
skip,1
pre-commit,1
pre-push,1
hooks,1
(IDEA-115914),1
523,1
`usleep`,1
524,1
deregistering,1
registered,1
again,1
525,1
IDEA-169037,1
526,1
formatting,1
refactor.,1
527,1
continuation,1
indent.,1
528,1
529,1
locate,1
django,1
530,1
splitting,1
tags,1
531,1
PY-12627:,1
Share,1
persist,1
'search,1
occurences',1
532,1
PY-23150:,1
lot,1
symbols,1
533,1
sdkpath,1
look,1
534,1
535,1
Guess,1
modified,1
outside,1
536,1
jrt,1
CoreApplicationEnvironment,1
537,1
Sync,1
idea_default_no_spellchecker.xml,1
538,1
Wayland,1
539,1
extends,1
PreferredSdkComparator,1
540,1
Replaced,1
checkboxes,1
ChangeListener,1
ItemListener,1
541,1
fully,1
542,1
IDEA-140862,1
DefaultMutableTreeNode,1
restoring,1
selection.,1
543,1
configured,1
544,1
closed,1
545,1
PydevConsoleRunnerFactory,1
546,1
Speed,1
PyUnresolvedReference,1
547,1
PyConsoleCopyHandler,1
548,1
PyConsoleUtil,1
HELP_PROMPT,1
549,1
Patch,1
PyPackageManager,1
550,1
'_latest_subtest_result',1
set.,1
551,1
Bug,1
PySkeletonRefresher,1
Cmd,1
552,1
IDEA-171459,1
int,1
byte,1
553,1
SystemHealthMonitor:,1
554,1
VC,1
555,1
Extracted,1
abstract,1
PydevConsoleExecuteActionHandler,1
556,1
Date:,1
557,1
PyPositionConverter,1
558,1
MultiProcessDebugger,1
RemoteDebugger,1
559,1
Made,1
RunContentDescriptor,1
560,1
'with,1
as',1
union,1
561,1
PyCustomMember.resolvesToClass,1
562,1
IDEA-171697,1
Omit,1
vararg,1
563,1
Decompiler:,1
'Integer.valueOf()',1
boxing,1
564,1
SDKs,1
future,1
features,1
565,1
Thread,1
Dump,1
566,1
IDEA-73669,1
longer,1
567,1
568,1
Dialog,1
569,1
IDEA-145520,1
ask,1
570,1
deprecate,1
obsolete,1
StringUtil,1
571,1
IDEA-172832.,1
Path.,1
572,1
pydevconsole,1
573,1
behave,1
1.2.6dev,1
574,1
indent,1
(IDEA-173208),1
575,1
576,1
Several,1
including,1
577,1
anchors,1
aliases,1
(YAML),1
578,1
three,,1
availa…,1
579,1
IDEA-173612,1
580,1
IDEA-173861,1
Format,1
"%d%",1
flagged,1
581,1
Nullable,1
YAMLKeyValue::getParentMapping,1
YAMLKeyValueImpl,1
582,1
README.md:,1
*,1
583,1
idle,1
threads,1
584,1
multi-language,1
"Analyze,1
Data,1
Flow,1
To/From,1
Here",1
585,1
IDEA-170926,1
hint,1
matches,1
586,1
suggestion,1
587,1
HighlighterLayer.WEAK_WARNING,1
588,1
passwords,1
GradleExecutionHelper,1
589,1
meta,1
tag,1
HTML,1
590,1
UI:,1
customizing,1
TabsUtil,1
PropertiesComponent,1
591,1
autoboxing,1
592,1
annotate,1
author,1
committer,1
593,1
PY-10985/IDEA-104596:,1
Prefix,1
594,1
Corrected,1
595,1
export,1
indentation,1
596,1
IDEA-174594,1
597,1
collecting,1
hang,1
598,1
PY-24987/PY-22496,1
(probably,1
others):,1
ref,1
'goto,1
symbol',1
599,1
simple,1
xslt,1
3.0,1
600,1
IDEA-175089,1
updateHistoryEntry,1
601,1
IDEA-154288,1
import:,1
jdkName,1
IdeaModule,1
602,1
extending,1
Field/Method,1
603,1
builder,1
superclasses,1
generics,1
604,1
diagnostic,1
failing,1
605,1
WideSelectionListUI,1
*_WRAP,1
orientation,1
606,1
607,1
IDEA-149976,1
"Reveal,1
Terminal",1
action.,1
608,1
PY-25491:,1
PyImportElement.getAsName,1
609,1
IDEA-146215,1
SILENT,1
admin,1
parameters,,1
610,1
UAST:,1
receiverType,1
JavaUCallExpression,1
611,1
'dropSelf',1
PyFunctionType,1
612,1
pregenerated,1
613,1
PY-20537:,1
Flush,1
caches,1
reload,1
614,1
IJSDK-299,1
overflow,1
EditorTextField.requestFocus(),1
615,1
616,1
PY-25794:,1
AST,1
switches,1
inspections,1
617,1
PY-13273:,1
decorators,1
assigned,1
618,1
Git4idea:,1
pushurl,1
capital,1
u,1
619,1
SmartList.equals(),1
620,1
Ini4j,1
parser,1
.git/config.,1
621,1
622,1
Gist,1
623,1
624,1
settings-repository,1
plugin's,1
"more,1
info",1
625,1
collection,1
626,1
PY-8933:,1
ImportError,1
positives,1
627,1
force,1
reindex,1
levels,1
628,1
PY-26081:,1
'getProcessOutput',1
cancellation,1
629,1
SyntheticLibrary::getBinaryRoots(),1
630,1
IDEA-179472:,1
retrieving,1
"release",1
631,1
ChangesListView.java,1
632,1
PY-26239:,1
633,1
Ep,1
rascal,1
transformation,1
634,1
hashCode:,1
HashCodeBuilder,1
635,1
Extends,1
IdeaModuleBase,1
636,1
IDEA-180073,1
PlatformTestCase,1
"Code,1
damaged",1
637,1
IDEA-180133:,1
hg,1
per-project,1
638,1
PY,1
24880:,1
execution,1
freeze,1
IPython,1
Jedi,1
639,1
short/byte,1
640,1
functional,1
641,1
IDEA-144811,1
642,1
PY-26413:,1
intuitive,1
positioning,1
prev,1
643,1
IDEA-180447:,1
Hide,1
644,1
IDEA-180548,1
PlatformUtils.isAndroidStudio,1
645,1
IDEA-180447,1
clutter,1
hiding,1
646,1
IDEA-180614:,1
System,1
647,1
Uses,1
temp,1
648,1
Duplicate,1
RESERVED_WINDOWS_NAMESPACE,1
absense,1
`con`,1
649,1
POP2,1
opcode,1
category,1
top.,1
650,1
DSL,1
651,1
Take,1
account,1
652,1
EmptyList,1
java.utilCollections.EmptyList,1
653,1
TipOfTheDayManager,1
654,1
655,1
8608f6e,1
656,1
doc-comment,1
PsiNameIdentifierOwner,1
657,1
解决使用nosetest执行用例时，用例注释为中文unicode时的乱码问题。,1
658,1
how,1
edit,1
privacy,1
policy,1
659,1
Splice,1
effect,1
concatenation,1
660,1
[IDEA-169111],1
functions,1
661,1
Making,1
662,1
PY-25655:,1
663,1
PY-15360,1
star,1
Py<3.5,1
664,1
PY-27004:,1
multiResolve,1
665,1
atomic,1
save,1
666,1
.mailmap,1
667,1
logical,1
conjunction,1
668,1
Arrays.asList().sublist().toArray(),1
669,1
PY-20075:,1
positive,1
670,1
Enumerate,1
ModuleHighlightUtil.getModuleDescriptor,1
671,1
FernFlower:,1
whose,1
exceed,1
672,1
Annotate,1
AnActionEvent,1
AnAction.update,1
673,1
contains(),1
containsAll(),1
HashSet,1
674,1
ildefined,1
675,1
sporadic,1
676,1
6061bb4,1
677,1
throws,1
declarations,1
678,1
IDEA-183411,1
Release,1
lock,1
updating,1
AbstractTreeBuilder,1
679,1
IJSDK-340,1
Using,1
causes,1
680,1
check-ignore,1
681,1
scope="TEST",1
*-tests,1
682,1
IDEA-126094,1
Edit,1
'Before,1
launch',1
left,1
click,1
683,1
Attach,1
LeakHunter,1
684,1
protobuf,1
setters,1
685,1
resizing,1
DialogWrapper,1
large,1
label,1
686,1
[IDEA-183953],1
687,1
IdeRootPanel,1
disposing,1
IdeFrame,1
688,1
StatusBar,1
IdeFrameImpl,1
689,1
Scale,1
matter,1
690,1
isImplicitReturnStatement,1
691,1
IDEA-184002,1
692,1
ScratchFileLanguageProvider,1
693,1
IDEABKL-6449,1
ISO-8601,1
date,1
694,1
CONTRIBUTING:,1
electronic,1
submission,1
CLA,1
695,1
RepositoryAttachDialog,1
696,1
points.,1
697,1
[PY-27710],1
erroneous,1
"Too,1
698,1
[IDEA-179774],1
"Create,1
Test",1
fill,1
superclass,1
699,1
Balloon,1
700,1
rid,1
array,1
701,1
mechanism,1
trigger,1
702,1
header,1
703,1
jna-utils.jar,1
jna-platform.jar,1
704,1
IDEA-163705:,1
JarLoader,1
705,1
'This,1
holding,1
treeLock'.,1
706,1
eval,1
707,1
corrupt,1
fashion,1
JIRA,1
708,1
sanselan,1
IOUtils,1
709,1
malformed,1
identifiers,1
`-ren=1`,1
710,1
iterator,1
711,1
“Execute,1
Line,1
Console”,1
PyCharm.,1
712,1
django_manage.py,1
node_modules,1
713,1
IDEA-185286:,1
PopupFactoryImpl,1
714,1
bypass,1
OOCB,1
715,1
IDEA-181940,1
type's,1
sort,1
716,1
detailed,1
717,1
"Type,1
weakened",1
718,1
IDEA-185872,1
modifier,1
719,1
py/resolve:,1
720,1
py/build:,1
gant,1
721,1
181.3263,1
722,1
python:,1
that's,1
needed,1
absent,1
723,1
XmlElement,1
724,1
GO-5316,1
scratch,1
silently,1
725,1
fetch,1
bridged,1
repos,1
726,1
727,1
data-sharing,1
consent,1
company-specific,1
728,1
PY-20075/PY-28393/PY-28332:,1
PyModuleType,1
729,1
Load,1
dimensions,1
730,1
listeners,1
731,1
732,1
locations,1
733,1
PY-28461:,1
implicitly,1
imported,1
sub-packages,1
734,1
mockito,1
735,1
py/pydev,1
real,1
736,1
PY-28512:,1
PyRemoveParameterQuickFix,1
737,1
CodeTriage,1
badge,1
jetbrains/intellij-community,1
738,1
changes/fixes,1
739,1
PY-28562:,1
`object`,1
metaclass,1
740,1
JPS:,1
affection,1
resolvers,1
741,1
742,1
PY-28629:,1
743,1
compare,1
IDEA-187194,1
744,1
"Switch,1
create",1
745,1
746,1
PY-28686:,1
AutoImportQuickFIx,1
747,1
versionDetailsProvider,1
platform.,1
748,1
Let,1
gc-ed,1
749,1
user's,1
prompt,1
750,1
saving,1
751,1
Leak,1
hunter,1
sometimes,1
stale,1
752,1
Polish,1
regardless,1
locale,1
753,1
onStart,1
ExternalProjectRefreshCallback,1
754,1
PY-28911:,1
pydevd_tracing.SetTrace,1
reentered,1
755,1
https,1
stdlib,1
docs,1
756,1
[PY-19218],1
inherit,1
757,1
androidx,1
758,1
NPE:,1
PsiFile.getContainingDirectory,1
759,1
Disable,1
rerunImportAction,1
performed,1
refreshProject,1
760,1
761,1
Symmetric,1
762,1
echo,1
printf,1
\n,1
763,1
shell,1
764,1
orderEntry,1
765,1
766,1
PY-29051:,1
767,1
PY-29092:,1
768,1
PY-29110:,1
ending,1
.egg,1
PythonPathEditor,1
769,1
"method,1
constant",1
770,1
771,1
Improving,1
Python's,1
772,1
IDEA-187826,1
Unlimited,1
Structural,1
773,1
WIP:,1
trace,1
774,1
`DataKey.create`,1
775,1
map,1
scipy/numpy,1
objects,1
webpage,1
776,1
PY-29338:,1
foreign,1
ones,1
777,1
Resize,1
myOriginalDocument,1
boundary,1
778,1
IDEA-189919,1
convert,1
ascii,1
779,1
reported,1
page,1
780,1
bracketed,1
(IDEA-177768),1
781,1
SimpleDateFormat,1
PerformanceWatcher,1
782,1
Gitlab,1
Time,1
Tracking,1
783,1
live,1
784,1
L&F,1
ProjectView,1
785,1
getDefaultViewId,1
explanatory,1
786,1
PY-26863,1
3dsmaxpy.exe,1
787,1
788,1
PsiTreeUtil.findChildrenOfAnyType(),1
789,1
[PsiTreeUtil],1
findChildrenByFilter(),1
790,1
[PY-27594],1
gets,1
stdin,1
791,1
javax-inject,1
792,1
products,1
define,1
EAP,1
793,1
opinion,,1
aren't,1
people,1
committed,1
previous,1
794,1
caught,1
ExternalSystemException,1
795,1
IDEA-193153,1
BaseRefactoringProcessor,1
veto,1
RefactoringHelpers,1
UsageSearcher,1
796,1
@Nullable,1
DomElement.getXmlTag(),1
797,1
798,1
detached,1
799,1
IDEA-193199,1
Split,1
ExportHTMLAction,1
specific,1
all…,1
800,1
IDEA-177512,1
ExternalSystem,1
TOPIC,1
notify,1
fini…,1
801,1
English,1
Tip,1
Day,1
802,1
803,1
Eliminating,1
tail,1
JBDiff#split,1
804,1
Gradle:,1
upgrade,1
Tooling,1
4.7,1
4.8,1
805,1
indexToDeleteTo,1
806,1
IDEA-193617,1
a11y,1
boxes,1
807,1
"regularExpression",1
livetemplates.,1
808,1
EditorWindow.INITIAL_INDEX_KEY,1
809,1
IDEA-189671:,1
Refresh,1
split,1
810,1
Have,1
Icons,1
811,1
IDEA-194080,1
insets,1
DarculaComboBoxUI,1
812,1
813,1
IDEA-192953,1
814,1
CombinedTestLocator.,1
815,1
ExportAction,1
816,1
Resolve,1
repositories.,1
817,1
unified,1
procedure,1
(IJSDK-50),1
818,1
IDEA-147781,1
ColorChooser:,1
Opacity,1
changing,1
affect,1
819,1
Print,1
useful,1
820,1
misleading,1
821,1
822,1
FiraCode,1
font,1
1.205,1
823,1
"delete,1
unversioned",1
824,1
825,1
RecentlyNullable,1
RecentlyNonNull,1
nullable,1
826,1
827,1
GotoTestRelatedProvider,1
828,1
829,1
Auto-hide,1
scrollbars,1
830,1
connector,1
management,1
831,1
multiplatform,1
832,1
Switch,1
JavaHelp,1
license,1
bundled,1
833,1
Shorten,1
"Classpath,1
file":,1
834,1
GitLab,1
835,1
"Batik,1
CleanerThread",1
alphabetical,1
836,1
[vcs-log],1
837,1
Uniformize,1
hexadecimal,1
838,1
GradleInspectionBundle.properties,1
839,1
840,1
UndeclaredThrowableException,1
841,1
conventional,1
intellij.gradle.java,1
842,1
format-string,1
843,1
semicolon,1
IDEA-196314,1
844,1
845,1
Decompilation,1
inverted,1
(IDEA-196302),1
846,1
847,1
conf.d,1
848,1
849,1
files…,1
850,1
full,1
851,1
increase,1
Xmx,1
OOM,1
852,1
patching,1
monkey,1
patched,1
subprocess,1
module.,1
853,1
Created,1
854,1
shadowed,1
(IDEA-196315),1
855,1
qualifier,1
856,1
Unintended,1
autocomplete,1
B,1
P,1
857,1
programmatic,1
toolwindow.,1
858,1
.editorconfig,1
859,1
IDEA-198933:,1
painting,1
splash,1
860,1
separately,1
keywords.,1
861,1
862,1
863,1
KotlinTest,1
864,1
865,1
IDEA-197106,1
866,1
Catch,1
GroupByTypeComparator,1
867,1
ScrollColorProducer.,1
868,1
JDWP:,1
vmVersion,1
attached,1
dalvik/Art,1
869,1
Multiple,1
870,1
ExternalAnnotationsManager:,1
batch,1
871,1
IJSDK-474,1
Clarify,1
"IDEA,1
jdk",1
872,1
IDEA-199485:,1
org.gradle.api.Incubating,1
Unstable,1
873,1
com.intellij.openapi.module.Module,1
874,1
875,1
876,1
877,1
bad,1
878,1
879,1
float,1
880,1
881,1
Parameters,1
IDEA-199219,1
882,1
Refactoring,1
described,1
times,1
883,1
[IDEA-199404],1
discord,1
884,1
Cleanup,1
collections-related,1
885,1
IDEA-199921,1
d8423f0,1
b6a57a9,1
886,1
Group,1
887,1
ArrayUtil.indexOf,1
888,1
VolatileLongOrDoubleField.html,1
889,1
IDEA-200509,1
suggested,1
890,1
891,1
892,1
"EvaluateExpression",1
TouchBar,1
893,1
IDEA-200871,1
Tool,1
Window,1
unconditionally.,1
894,1
doc(testIntegration):,1
around,1
895,1
[platform],1
896,1
per,1
897,1
early,1
publication,1
NonClasspathClassFinder,1
898,1
accessibility,1
899,1
IDEA-200434:,1
ijinit.gradle,1
900,1
JSON,1
901,1
902,1
StringSearcher.scan,1
903,1
IDEA-201317:,1
Cucumber4,1
Formatter,1
904,1
[IDEA-201282],1
Resolver's,1
LoggerFactory,1
Maven…,1
905,1
entry,1
906,1
Suspend,1
indexing,1
refreshing,1
907,1
conditions,1
DumbServiceImpl,1
ProgressSuspender.,1
908,1
'ignore,1
!=,1
0',1
'Conditional,1
negated,1
909,1
IDEA-142594,1
910,1
suggest,1
minSdkVersion,1
911,1
--recompile-scripts,1
912,1
Resolving,1
case-sensitivity,1
resulting,1
913,1
assigning,1
form.,1
914,1
bold,1
Project,1
915,1
JUnit5,1
suggest,,1
@EnumSource…,1
916,1
Array,1
917,1
Shift+Tab,1
(IDEA-202189),1
918,1
form,,1
HIT_END,1
919,1
ProgressSuspender,1
crashing,1
isInImpatientReader,1
mode.,1
920,1
wheel,1
scrolling,1
(IDEA-180216),1
921,1
Differentiate,1
syntax,1
non-control,1
922,1
IDEA-201670,1
final,1
923,1
924,1
shorter,1
925,1
IDEA-202665,1
resolutions,1
993,1
pydev_monkey_qt.py,1
994,1
OpenJ9,1
Launchers.,1
995,1
996,1
MultithreadSearcher,,1
wrap,1
997,1
998,1
IDEA-203194,1
999,1
setLoggerFactory(),1
DefaultArtifactResolver,1
Defau…,1
1000,1
1001,1
Arrays::equals,1
equals(),1
1002,1
PY-23615,1
warning,1
1003,1
IDEA-203651:,1
1004,1
highligHting,1
corrected.,1
1005,1
[IDEA-201343],1
just,1
1006,1
1007,1
IDEA-203912:,1
assertTrue,1
assertFalse,1
negative,1
simplified,1
1008,1
[IDEA-123039],1
non-recursive,1
Xalan,1
str:tokenize(),1
recursive,1
XSLT,1
1.0,1
hack,1
1009,1
IDEA-201331:,1
processors,1
1010,1
faster,1
1011,1
recursively,1
1012,1
Select,1
leaf,1
1013,1
Display,1
multiline,1
replacements,1
(IDEA-204269),1
1014,1
1015,1
IDEA-204310:,1
lambdas,1
1016,1
IDEA-204408,1
Stop,1
ignoring,1
occur,1
included,1
bui…,1
1017,1
IDEA-202846:,1
Document,1
Element,1
XPath,1
1018,1
sequence,1
SdkSettingsStep.java,1
1019,1
1st,1
stage,1
fixing,1
IDEA-204628,1
1020,1
IDEA-202032,1
'/',1
'.',1
1021,1
1022,1
IDEA-204927,1
divider,1
resize,1
Splitter.,1
1023,1
1024,1
IDEA-204998:,1
preference,1
1025,1
IDEA-195932,1
"Check,1
connection",1
proxy",1
1026,1
`ExceptionRangeCFG::toString()`,1
`finally`,1
range.,1
1027,1
#IDEA-205163,1
1028,1
PY-33474,1
pyparsing,1
1.5.6,1
1029,1
JBLoadingPanel,1
setBounds,1
1030,1
TestPlan,1
1031,1
IDEA-205629,1
Shift,1
range,1
getStartTagNameElement,1
1032,1
wrong,1
1033,1
IDEA-205705,1
plugin.xml),1
1034,1
IDEA-189773,1
Action,1
1035,1
variants,1
Line/Column,1
(IDEA-205713),1
1036,1
DebugProcessImpl,1
1037,1
IDEA-197682,1
CloseTab,1
editor.,1
1038,1
Re-enable,1
canonicalization,1
1048,1
1049,1
Gradle's,1
ProjectImportAction,1
flexible,1
1050,1
Co_verage,1
Coverage,1
1051,1
bus,1
latency,1
1052,1
IDEA-171758,1
Guava,1
'Suspicious,1
calls',1
1053,1
IJSDK-563,1
copyable,1
labels,1
1054,1
IDEA-206928:,1
"plugin.xml,1
(pluginName)",1
irrespective,1
1055,1
IDEA-206930,1
complain,1
itself,1
1056,1
IDEA-201941,1
countdown,1
"resolve,1
conflict",1
accidental,1
confirmations,1
1057,1
IDEA-206965,1
Mark,1
focused,1
Inspector,1
1058,1
IDEA-141083,1
Branch,1
SpeedSearch,1
1059,1
IDEA-206970,1
LocalTaskImpl,,1
grab,1
1060,1
IDEA-201693,1
SE:,1
IDE,,1
1061,1
IDEA-207075,1
diagnosis,1
"scheduleIndexRebuild,,1
reason:,1
change",1
1062,1
IDEA-207106,1
Log,1
deprecation,1
notices,1
registerFileType(),1
FileTypeFactory,1
1063,1
String::join,1
1064,1
1065,1
IDEA-207424,1
uidesigner.,1
1066,1
executions,1
1067,1
IDEA-207657,1
StringIndexOutOfBoundsException,1
DocumentWindowImpl#replaceString,1
1068,1
behavior,1
1069,1
IDEA-137065:,1
sequences,1
8-bit,1
24-bit,1
1070,1
ExportableUserDataHolder:,1
reformat,1
1071,1
IDEA-208185:,1
1072,1
flake8,1
supressor,1
1073,1
1074,1
1075,1
IDEA-208450:,1
1076,1
IDEA-208453:,1
GitXmlRpcHandlerService,1
1077,1
break,1
(see,1
IDEA-208467),1
1078,1
decompiler:,1
1079,1
IDEA-208610:,1
leaks,1
MouseDragHelper.attach,1
MouseDrag…,1
1080,1
IDEA-208611:,1
IdeGlassPaneImpl._addListener,1
1081,1
GradleProjectResolver,1
provider,1
1082,1
PY-16945:,1
.coveragerc,1
1083,1
wording,1
tooltip,1
found,1
1084,1
Upgrade,1
pip,,1
setuptools,1
1085,1
IDEA-208615:,1
UiNotifyConnector,1
channels,1
1086,1
ActionButton,1
focusable.,1
1087,1
1088,1
InternalDecorator,1
(IDEA-208847),1
1089,1
Surface,1
steps,1
1090,1
IDEA-208913,1
@AutoValue,1
1091,1
pytest:,1
asserts,1
1092,1
Enabling,1
cross,1
communication.,1
1093,1
IDEA-208067:,1
InlayModelImpl$AfterLineEndElementTree,1
1094,1
branches,1
(IDEA-209343),1
1095,1
Swing,1
combobox,1
1096,1
inotify.c,1
1097,1
unable,1
1098,1
IDEA-168007,1
CachedImageIcon,1
1099,1
IDEA-188964,1
older,1
but,1
1100,1
IDEA-209622:,1
1101,1
IDEA-205103,1
archetype,1
1102,1
USE_PROJECT_PROFILE,1
1103,1
1104,1
1105,1
IDEA-209898,1
SpeedSearch:,1
Ctrl-Backspace,1
1106,1
BuildOutputInstantReaderImpl,1
1107,1
FUS,1
1108,1
DocumentImpl,1
(IDEA-210051),1
1109,1
Daemons,1
5.3,1
1110,1
IDEA-200272,1
activate,1
session,1
AbstractLifecy…,1
1111,1
IDEA-210360,1
arrows,1
scale,1
1112,1
calling,1
deactivateIfNeeded,1
(IDEA-210564),1
1113,1
Chrome,1
OS,1
1114,1
quotes,1
NSIS,1
1115,1
Unstage,1
deletion,1
reused,1
1116,1
1117,1
1118,1
1119,1
MessageEvent.equals,1
1120,1
parallelization,1
UsefulTestCase,1
1121,1
store,1
1122,1
FunctionalExpressionsIdentity,1
(IDEA-154488),1
1123,1
IDEA-131162,1
1124,1
Set,1
rootProjectName,1
BuildParticipant,1
1125,1
[FIX],1
script.,1
1126,1
getExecutable(),1
platform-specific,1
1127,1
Finish,1
pending,1
children,1
ExecutionNode,1
1128,1
resolver,1
following,1
customizations,1
1129,1
documentationProvider,1
1130,1
DarculaTableSelectedCellHighlightBorder,1
1131,1
musl,1
1132,1
IDEA-201196,1
signature:,1
Moving,1
downwards,1
1133,1
const,1
goto,1
Flex,1
1134,1
IDEA-212454,1
accessors,1
1135,1
IDEA-212479,1
Prioritize,1
getter/setter,1
generation,1
sensible,1
auto,1
complete,1
1136,1
IDEA-212508:,1
footprint,1
MultipleBuildsView.myBuildsMap,1
1138,1
ComboboxUI:,1
defined,1
background,1
1139,1
IDEA-212623,1
Folding,1
FileHeader/Class,1
1140,1
rule-based,1
ex.,1
aarch64,1
1141,1
1142,1
sphinx_runner,1
>=,1
1143,1
IDEA-214615:,1
Deactivate,1
1144,1
IDEA-182029:,1
usability,1
1145,1
Skip/ignore,1
disposed,1
1146,1
arrow,1
preferred,1
box,1
1147,1
getArrowButtonPreferredSize(comboBox),1
1148,1
interactive,1
shells,1
1149,1
contributed,1
ShVariable,1
1150,1
intention,1
1151,1
remote,1
org.jetbrains:markdown:0.1.31,1
1152,1
IDEA-209506,1
classpath,1
fed,1
JUnit5TestRunner,1
1153,1
attaching,1
1154,1
total,1
column,1
1155,1
NotNullInstrumentingBuilder,1
1156,1
Cause,1
proxy,1
for",1
separated,1
exanded,1
1157,1
1158,1
1159,1
Rid,1
StringBuilder,1
chaining,1
appends,1
1160,1
designer,1
modality,1
1161,1
async,1
1162,1
FileTypeManager,1
1163,1
IDEA-212715,1
snapshooter's,1
ClassNotFoundException,1
startup,1
1164,1
lost,1
upon,1
certain,1
important,1
dialogs.,1
1165,1
Event,1
whitelist,1
1166,1
DocumentationComponent:,1
Base64,1
1167,1
1168,1
unstable,1
listed,1
iml,1
1169,1
gmavenplus-plugin,1
1170,1
Bump,1
lodash.defaultsdeep,1
4.6.0,1
4.6.1,1
/platform/built-in-server/start-up-visualizer,1
1171,1
overwrite,1
1172,1
51e756a,1
1173,1
literal,1
1174,1
Throw,1
IAE,1
AE,1
isExcluded,1
1175,1
Register,1
FileEditorManagerImpl,1
disposal,1
1176,1
LibraryLicense,1
Joni,1
1177,1
IDEA-218688,1
UpdateChecker,1
flexibility,1
1178,1
JBR-1337:,1
logs,1
JavaFX,1
errors,,1
stuck,1
1179,1
1180,1
1181,1
AndroidXmlFormat,1
layout,1
1182,1
inconsistent,1
pyspark,1
DataFrames,1
1183,1
IDEA-22407:,1
Comply,1
XDG,1
Base,1
Directory,1
Specification,1
Linux,1
1184,1
JAXBContext,1
overhead,1
parsing,1
operation,1
1185,1
IDEA-220057:,1
findWindowForBalloon(),1
1186,1
1187,1
[Gradle],1
tooling,1
builders.,1
1188,1
IDEA-219943,1
counters,1
corner,1
1189,1
words,1
coroutine,1
coroutines,1
dictionary,1
1190,1
util_methods.copy,1
NFS,1
1191,1
Should,1
balloon,1
horizontally,1
centered?,1
1192,1
visible,1
thread,1
1193,1
descriptor,1
1194,1
PY-15468,1
1195,1
Restore,1
intellij.jsp.base,1
java-api.jar,1
1196,1
IDEA-26855,1
%LOCALAPPDATA%,1
1197,1
ShRunConfiguration,1
1198,1
3rd-party,1
ShRunConfigurationProfileState,1
1199,1
launcher.py,1
already,1
1200,1
('/',1
':',1
osx,1
example),1
1201,1
TooltipManager,1
registrations,1
1202,1
PY-25689,1
directive,1
docstring,1
1203,1
IDEA-223297,1
Snap,1
full-size,1
main-window,1
1204,1
Layout,1
1205,1
unit,1
unindent,1
1206,1
invokeLater,1
1207,1
[IDEA-218836],1
SortLinesActions,1
1208,1
visually,1
DUMMY_IDENTIFIER,1
1209,1
MethodCallInLoopCondition,1
enhancements,1
1210,1
linux-ppc64le,1
check-condition,1
fsnotifier-ppc64le,1
binary,1
1211,1
IDEA-224349:,1
pass,1
partially,1
initialized,1
different…,1
